card_set_id	white_card_id
1	1
1	2
1	3
1	4
1	5
1	6
1	7
1	8
1	9
1	10
1	11
1	12
1	13
1	14
1	15
1	16
1	17
1	18
1	19
1	20
1	21
1	22
1	23
1	24
1	25
1	26
1	27
1	28
1	29
1	30
1	31
1	32
1	33
1	34
1	35
1	36
1	37
1	38
1	39
1	40
1	41
1	42
1	43
1	44
1	45
1	46
1	47
1	48
1	49
1	50
1	51
1	52
1	53
1	54
1	55
1	56
1	57
1	58
1	59
1	60
1	61
1	62
1	63
1	64
1	65
1	66
1	67
1	68
1	69
1	70
1	71
1	72
1	73
1	74
1	75
1	76
1	77
1	78
1	79
1	80
1	81
1	82
1	83
1	84
1	85
1	86
1	87
1	88
1	89
1	90
1	91
1	92
1	93
1	94
1	95
1	96
1	97
1	98
1	99
1	100
1	101
1	102
1	103
1	104
1	105
1	106
1	107
1	108
1	109
1	110
1	111
1	112
1	113
1	114
1	115
1	116
1	117
1	118
1	119
1	120
1	121
1	122
1	123
1	124
1	125
1	126
1	127
1	128
1	129
1	130
1	131
1	132
1	133
1	134
1	135
1	136
1	137
1	138
1	139
1	140
1	141
1	142
1	143
1	144
1	145
1	146
1	147
1	148
1	149
1	150
1	151
1	152
1	153
1	154
1	155
1	156
1	157
1	158
1	159
1	160
1	161
1	162
1	163
1	164
1	165
1	166
1	167
1	168
1	169
1	170
1	171
1	172
1	173
1	174
1	175
1	176
1	177
1	178
1	179
1	180
1	181
1	182
1	183
1	184
1	185
1	186
1	187
1	188
1	189
1	190
1	191
1	192
1	193
1	194
1	195
1	196
1	197
1	198
1	199
1	200
1	201
1	202
1	203
1	204
1	205
1	206
1	207
1	208
1	209
1	210
1	211
1	212
1	213
1	214
1	215
1	216
1	217
1	218
1	219
1	220
1	221
1	222
1	223
1	224
1	225
1	226
1	227
1	228
1	229
1	230
1	231
1	232
1	233
1	234
1	235
1	236
1	237
1	238
1	239
1	240
1	241
1	242
1	243
1	244
1	245
1	246
1	247
1	248
1	249
1	250
1	251
1	252
1	253
1	254
1	255
1	256
1	257
1	258
1	259
1	260
1	261
1	262
1	263
1	264
1	265
1	266
1	267
1	268
1	269
1	270
1	271
1	272
1	273
1	274
1	275
1	276
1	277
1	278
1	279
1	280
1	281
1	282
1	283
1	284
1	285
1	286
1	287
1	288
1	289
1	290
1	291
1	292
1	293
1	294
1	295
1	296
1	297
1	298
1	299
1	300
1	301
1	302
1	303
1	304
1	305
1	306
1	307
1	308
1	309
1	310
1	311
1	312
1	313
1	314
1	315
1	316
1	317
1	318
1	319
1	320
1	321
1	322
1	323
1	324
1	325
1	326
1	327
1	328
1	329
1	330
1	331
1	332
1	333
1	334
1	335
1	336
1	337
1	338
1	339
1	340
1	341
1	342
1	343
1	344
1	345
1	346
1	347
1	348
1	349
1	350
1	351
1	352
1	353
1	354
1	355
1	356
1	357
1	358
1	359
1	360
1	361
1	362
1	363
1	364
1	365
1	366
1	367
1	368
1	369
1	370
1	371
1	372
1	373
1	374
1	375
1	376
1	377
1	378
1	379
1	380
1	381
1	382
1	383
1	384
1	385
1	386
1	387
1	388
1	389
1	390
1	391
1	392
1	393
1	394
1	395
1	396
1	397
1	398
1	399
1	400
1	401
1	402
1	403
1	404
1	405
1	406
1	407
1	408
1	409
1	410
1	411
1	412
1	413
1	414
1	415
1	416
1	417
1	418
1	419
1	420
1	421
1	422
1	423
1	424
1	425
1	426
1	427
1	428
1	429
1	430
1	431
1	432
1	433
1	434
1	435
1	436
1	437
1	438
1	439
1	440
1	441
1	442
1	443
1	444
1	445
1	446
1	447
1	448
1	449
1	450
1	451
1	452
1	453
1	454
1	455
1	456
1	457
1	458
1	459
1	460
1	461
1	462
1	463
1	464
1	465
1	466
1	467
1	468
1	469
1	470
1	471
1	472
1	473
1	474
1	475
1	476
1	477
1	478
1	479
1	480
1	481
1	482
1	483
1	484
1	485
1	486
1	487
1	488
1	489
1	490
1	491
1	492
1	493
1	494
1	495
1	496
1	497
1	498
1	499
1	500
2	1
2	2
2	3
2	4
2	5
2	6
2	7
2	8
2	9
2	10
2	11
2	12
2	13
2	14
2	15
2	16
2	17
2	18
2	19
2	20
2	21
2	22
2	23
2	24
2	26
2	27
2	29
2	30
2	31
2	33
2	34
2	35
2	36
2	37
2	38
2	39
2	40
2	41
2	42
2	43
2	45
2	46
2	47
2	48
2	49
2	50
2	51
2	52
2	53
2	54
2	55
2	56
2	57
2	58
2	59
2	60
2	61
2	62
2	63
2	64
2	66
2	67
2	69
2	70
2	71
2	72
2	73
2	74
2	75
2	76
2	77
2	78
2	79
2	80
2	82
2	83
2	84
2	85
2	86
2	87
2	88
2	89
2	90
2	91
2	92
2	93
2	94
2	95
2	96
2	97
2	98
2	99
2	100
2	101
2	102
2	103
2	105
2	106
2	107
2	108
2	109
2	110
2	111
2	112
2	113
2	114
2	115
2	116
2	117
2	118
2	119
2	120
2	122
2	123
2	124
2	125
2	126
2	127
2	128
2	129
2	130
2	131
2	132
2	133
2	134
2	135
2	136
2	137
2	138
2	139
2	140
2	141
2	142
2	143
2	144
2	145
2	146
2	147
2	148
2	149
2	150
2	151
2	152
2	153
2	154
2	155
2	157
2	158
2	159
2	160
2	161
2	162
2	163
2	164
2	165
2	166
2	167
2	168
2	170
2	171
2	172
2	173
2	174
2	175
2	176
2	177
2	178
2	179
2	180
2	182
2	183
2	184
2	185
2	186
2	187
2	188
2	189
2	190
2	191
2	192
2	193
2	194
2	195
2	196
2	197
2	198
2	199
2	200
2	201
2	202
2	203
2	204
2	205
2	206
2	207
2	209
2	210
2	211
2	212
2	214
2	216
2	217
2	218
2	219
2	220
2	221
2	222
2	223
2	224
2	225
2	227
2	228
2	229
2	230
2	231
2	232
2	233
2	234
2	235
2	236
2	237
2	239
2	240
2	241
2	242
2	243
2	244
2	245
2	246
2	247
2	248
2	249
2	250
2	251
2	252
2	253
2	254
2	255
2	256
2	257
2	258
2	259
2	260
2	261
2	262
2	263
2	264
2	265
2	266
2	267
2	268
2	269
2	270
2	271
2	272
2	273
2	274
2	275
2	276
2	277
2	278
2	279
2	280
2	281
2	282
2	283
2	284
2	285
2	286
2	287
2	289
2	291
2	292
2	293
2	294
2	295
2	296
2	297
2	298
2	299
2	300
2	301
2	302
2	303
2	304
2	305
2	306
2	307
2	308
2	309
2	310
2	311
2	312
2	313
2	314
2	315
2	316
2	317
2	318
2	319
2	320
2	321
2	322
2	323
2	324
2	325
2	326
2	327
2	328
2	329
2	330
2	331
2	332
2	333
2	334
2	335
2	336
2	337
2	338
2	339
2	340
2	341
2	342
2	343
2	344
2	345
2	346
2	347
2	348
2	350
2	351
2	352
2	353
2	354
2	355
2	356
2	357
2	358
2	359
2	360
2	361
2	362
2	363
2	364
2	365
2	366
2	367
2	368
2	369
2	370
2	371
2	372
2	373
2	374
2	375
2	376
2	377
2	378
2	379
2	380
2	381
2	382
2	383
2	384
2	385
2	386
2	387
2	388
2	389
2	390
2	391
2	392
2	393
2	394
2	395
2	396
2	397
2	398
2	399
2	400
2	401
2	402
2	404
2	405
2	407
2	408
2	409
2	410
2	411
2	413
2	414
2	415
2	416
2	417
2	418
2	419
2	420
2	421
2	422
2	423
2	425
2	426
2	427
2	428
2	429
2	430
2	431
2	432
2	433
2	434
2	435
2	436
2	437
2	438
2	439
2	440
2	441
2	442
2	443
2	444
2	445
2	446
2	447
2	448
2	450
2	451
2	452
2	453
2	454
2	455
2	456
2	457
2	458
2	459
2	460
2	461
2	462
2	463
2	464
2	465
2	466
2	467
2	468
2	469
2	470
2	471
2	472
2	473
2	474
2	475
2	476
2	477
2	478
2	479
2	480
2	481
2	482
2	483
2	484
2	485
2	486
2	487
2	488
2	489
2	490
2	491
2	492
2	493
2	494
2	495
2	496
2	497
2	498
2	500
2	501
2	502
2	503
2	504
2	505
2	506
2	507
2	508
2	509
2	510
2	511
2	512
2	513
2	514
2	515
2	516
2	517
2	518
2	519
2	520
2	521
2	522
2	523
2	524
2	525
2	526
3	1
3	2
3	4
3	5
3	6
3	7
3	9
3	10
3	11
3	13
3	14
3	15
3	16
3	17
3	18
3	19
3	20
3	21
3	22
3	23
3	26
3	27
3	29
3	30
3	31
3	34
3	35
3	36
3	37
3	38
3	39
3	40
3	41
3	42
3	43
3	45
3	46
3	47
3	48
3	49
3	50
3	51
3	52
3	53
3	54
3	56
3	57
3	58
3	59
3	61
3	62
3	63
3	64
3	67
3	69
3	70
3	71
3	72
3	73
3	74
3	75
3	76
3	77
3	78
3	80
3	82
3	83
3	84
3	85
3	86
3	87
3	88
3	89
3	91
3	92
3	93
3	94
3	95
3	96
3	99
3	100
3	101
3	102
3	103
3	104
3	105
3	106
3	107
3	108
3	109
3	110
3	111
3	112
3	113
3	115
3	117
3	118
3	119
3	120
3	122
3	123
3	124
3	125
3	126
3	127
3	128
3	129
3	130
3	131
3	132
3	133
3	134
3	135
3	136
3	137
3	138
3	139
3	140
3	141
3	142
3	144
3	145
3	146
3	147
3	148
3	149
3	150
3	151
3	153
3	154
3	155
3	157
3	158
3	159
3	161
3	162
3	163
3	164
3	165
3	166
3	167
3	168
3	171
3	175
3	176
3	177
3	179
3	180
3	182
3	183
3	185
3	186
3	187
3	188
3	189
3	190
3	191
3	192
3	193
3	194
3	195
3	197
3	198
3	199
3	201
3	202
3	203
3	204
3	206
3	207
3	209
3	211
3	212
3	214
3	217
3	219
3	220
3	221
3	222
3	223
3	224
3	225
3	226
3	228
3	229
3	230
3	232
3	233
3	234
3	235
3	236
3	237
3	239
3	240
3	242
3	244
3	245
3	246
3	247
3	248
3	249
3	250
3	251
3	252
3	253
3	254
3	255
3	256
3	257
3	259
3	260
3	261
3	263
3	264
3	265
3	267
3	268
3	269
3	270
3	271
3	272
3	273
3	274
3	275
3	276
3	277
3	278
3	279
3	280
3	281
3	282
3	283
3	284
3	285
3	286
3	289
3	291
3	292
3	293
3	294
3	295
3	296
3	297
3	298
3	299
3	300
3	302
3	303
3	304
3	305
3	306
3	308
3	309
3	311
3	312
3	313
3	314
3	315
3	317
3	318
3	319
3	322
3	323
3	324
3	325
3	326
3	327
3	329
3	330
3	331
3	333
3	334
3	335
3	336
3	338
3	339
3	340
3	342
3	343
3	344
3	345
3	347
3	348
3	350
3	352
3	356
3	357
3	358
3	359
3	360
3	361
3	362
3	363
3	364
3	365
3	366
3	367
3	368
3	369
3	370
3	372
3	373
3	376
3	377
3	378
3	383
3	384
3	385
3	388
3	389
3	390
3	392
3	393
3	394
3	397
3	399
3	400
3	401
3	403
3	404
3	405
3	406
3	407
3	408
3	409
3	410
3	411
3	413
3	414
3	416
3	418
3	419
3	420
3	421
3	423
3	425
3	426
3	427
3	428
3	429
3	430
3	431
3	432
3	433
3	435
3	436
3	437
3	438
3	439
3	440
3	441
3	442
3	443
3	445
3	446
3	447
3	448
3	450
3	451
3	452
3	454
3	455
3	457
3	458
3	459
3	461
3	462
3	464
3	465
3	466
3	467
3	468
3	469
3	470
3	472
3	473
3	474
3	475
3	476
3	477
3	478
3	479
3	480
3	481
3	482
3	483
3	487
3	488
3	489
3	490
3	491
3	492
3	496
3	497
3	498
3	500
3	505
3	507
3	520
3	527
3	528
3	529
3	530
3	531
3	532
3	533
3	534
3	535
3	536
3	537
3	538
3	539
3	540
3	541
3	542
3	543
3	544
3	545
3	546
3	547
3	548
3	549
3	550
3	551
3	552
3	553
3	554
3	555
3	556
3	557
3	558
3	559
3	560
3	561
3	562
3	563
3	564
3	565
3	566
3	567
3	568
3	569
3	570
3	571
3	572
3	573
3	574
3	575
3	576
3	577
3	578
3	579
3	580
3	581
3	582
3	583
3	584
3	585
3	586
3	587
3	588
3	589
3	590
3	591
3	592
3	593
3	594
3	595
3	596
3	597
3	598
3	599
3	600
3	601
3	602
3	603
3	604
3	605
3	606
3	607
3	608
3	609
3	610
3	611
3	612
3	613
3	614
3	615
3	616
3	617
3	618
3	619
3	620
3	621
3	622
3	623
3	624
3	625
3	626
3	627
4	1
4	2
4	4
4	5
4	6
4	7
4	9
4	10
4	11
4	13
4	14
4	15
4	16
4	17
4	18
4	19
4	20
4	21
4	22
4	23
4	26
4	27
4	29
4	30
4	31
4	34
4	35
4	36
4	37
4	38
4	39
4	40
4	41
4	42
4	43
4	45
4	46
4	48
4	49
4	50
4	51
4	52
4	53
4	54
4	56
4	57
4	58
4	59
4	61
4	62
4	63
4	64
4	67
4	69
4	70
4	71
4	72
4	73
4	74
4	75
4	76
4	77
4	80
4	82
4	84
4	85
4	86
4	87
4	88
4	89
4	91
4	92
4	93
4	94
4	95
4	96
4	99
4	100
4	101
4	102
4	103
4	104
4	105
4	106
4	107
4	108
4	109
4	110
4	111
4	112
4	113
4	115
4	117
4	118
4	119
4	120
4	122
4	123
4	124
4	125
4	126
4	127
4	128
4	129
4	130
4	131
4	133
4	134
4	135
4	136
4	137
4	138
4	139
4	140
4	141
4	142
4	144
4	145
4	146
4	147
4	149
4	150
4	151
4	153
4	154
4	155
4	157
4	158
4	159
4	161
4	162
4	163
4	164
4	165
4	166
4	167
4	168
4	171
4	172
4	173
4	174
4	175
4	176
4	177
4	179
4	180
4	182
4	183
4	185
4	186
4	187
4	188
4	189
4	190
4	191
4	192
4	193
4	194
4	195
4	197
4	198
4	199
4	200
4	201
4	202
4	203
4	204
4	205
4	206
4	207
4	209
4	210
4	211
4	212
4	214
4	216
4	218
4	219
4	220
4	221
4	222
4	223
4	224
4	225
4	226
4	227
4	228
4	230
4	232
4	233
4	234
4	236
4	237
4	239
4	240
4	242
4	244
4	245
4	246
4	247
4	248
4	249
4	250
4	251
4	252
4	253
4	254
4	255
4	256
4	257
4	259
4	261
4	262
4	263
4	264
4	265
4	267
4	269
4	270
4	271
4	272
4	273
4	274
4	275
4	276
4	277
4	278
4	279
4	280
4	281
4	283
4	284
4	285
4	286
4	287
4	289
4	291
4	292
4	293
4	294
4	295
4	296
4	297
4	298
4	299
4	300
4	302
4	303
4	304
4	305
4	306
4	308
4	309
4	311
4	312
4	313
4	314
4	315
4	317
4	318
4	319
4	322
4	323
4	324
4	325
4	326
4	327
4	329
4	330
4	331
4	333
4	334
4	335
4	336
4	338
4	339
4	340
4	342
4	343
4	344
4	345
4	347
4	349
4	350
4	352
4	356
4	357
4	358
4	359
4	360
4	361
4	362
4	363
4	364
4	365
4	366
4	367
4	368
4	369
4	370
4	371
4	372
4	373
4	376
4	377
4	378
4	383
4	384
4	385
4	388
4	389
4	390
4	391
4	392
4	393
4	394
4	395
4	397
4	398
4	399
4	400
4	401
4	404
4	405
4	407
4	408
4	409
4	410
4	411
4	414
4	415
4	416
4	417
4	419
4	420
4	421
4	423
4	425
4	426
4	427
4	428
4	429
4	430
4	431
4	432
4	433
4	435
4	436
4	437
4	438
4	439
4	440
4	441
4	442
4	443
4	445
4	446
4	447
4	450
4	451
4	452
4	454
4	455
4	457
4	458
4	459
4	460
4	461
4	462
4	464
4	465
4	466
4	467
4	468
4	469
4	470
4	473
4	474
4	475
4	476
4	477
4	478
4	479
4	480
4	481
4	482
4	483
4	484
4	488
4	489
4	490
4	491
4	492
4	495
4	496
4	497
4	498
4	500
4	505
4	507
4	512
4	514
4	520
4	522
4	528
4	530
4	535
4	541
4	542
4	548
4	550
4	554
4	558
4	561
4	565
4	566
4	567
4	574
4	587
4	592
4	599
4	604
4	605
4	607
4	612
4	628
4	629
4	630
4	631
4	632
4	633
4	634
4	635
4	636
4	637
4	638
4	639
4	640
4	641
4	642
4	643
4	644
4	645
4	646
4	647
4	648
4	649
4	650
4	651
4	652
4	653
4	654
4	655
4	656
4	657
4	658
4	659
4	660
4	661
4	662
4	663
4	664
4	665
4	666
4	667
4	668
4	669
4	670
4	671
4	672
4	673
4	674
4	675
4	676
4	677
4	678
4	679
4	680
4	681
4	682
4	683
4	684
4	685
4	686
4	687
4	688
4	689
4	690
4	691
4	692
4	693
4	694
4	695
4	696
4	697
4	698
4	699
4	700
4	701
4	702
5	1
5	4
5	6
5	7
5	9
5	10
5	11
5	17
5	18
5	19
5	20
5	21
5	22
5	23
5	26
5	29
5	30
5	31
5	33
5	34
5	35
5	36
5	38
5	39
5	40
5	41
5	43
5	45
5	49
5	50
5	51
5	52
5	53
5	54
5	55
5	56
5	57
5	58
5	59
5	62
5	63
5	67
5	69
5	70
5	72
5	73
5	74
5	75
5	76
5	77
5	80
5	82
5	84
5	85
5	87
5	90
5	91
5	92
5	93
5	94
5	95
5	96
5	99
5	100
5	101
5	102
5	103
5	105
5	106
5	107
5	108
5	109
5	111
5	112
5	113
5	117
5	118
5	119
5	123
5	126
5	127
5	128
5	129
5	130
5	133
5	134
5	136
5	137
5	138
5	139
5	140
5	142
5	144
5	145
5	146
5	147
5	148
5	149
5	150
5	151
5	153
5	154
5	155
5	157
5	158
5	159
5	160
5	162
5	163
5	164
5	165
5	166
5	168
5	171
5	172
5	173
5	175
5	176
5	177
5	179
5	180
5	181
5	182
5	183
5	186
5	187
5	188
5	190
5	191
5	195
5	198
5	201
5	202
5	204
5	206
5	207
5	208
5	209
5	211
5	212
5	214
5	217
5	219
5	220
5	222
5	223
5	224
5	225
5	227
5	228
5	230
5	233
5	235
5	236
5	237
5	239
5	240
5	242
5	244
5	245
5	246
5	247
5	248
5	249
5	251
5	252
5	254
5	255
5	256
5	257
5	260
5	265
5	267
5	269
5	270
5	272
5	273
5	274
5	276
5	277
5	278
5	279
5	280
5	281
5	283
5	284
5	285
5	286
5	288
5	289
5	291
5	292
5	293
5	294
5	295
5	296
5	297
5	299
5	302
5	303
5	304
5	305
5	306
5	308
5	309
5	310
5	312
5	313
5	314
5	317
5	319
5	322
5	323
5	324
5	325
5	326
5	327
5	329
5	330
5	332
5	333
5	335
5	336
5	338
5	340
5	343
5	344
5	345
5	346
5	347
5	350
5	351
5	352
5	353
5	356
5	357
5	358
5	359
5	360
5	361
5	362
5	363
5	364
5	365
5	366
5	367
5	369
5	370
5	372
5	376
5	377
5	378
5	383
5	385
5	386
5	388
5	389
5	390
5	393
5	394
5	397
5	399
5	400
5	403
5	404
5	405
5	408
5	409
5	410
5	413
5	414
5	417
5	418
5	419
5	420
5	421
5	423
5	426
5	427
5	428
5	429
5	431
5	432
5	438
5	440
5	442
5	443
5	445
5	446
5	447
5	451
5	452
5	454
5	455
5	457
5	458
5	459
5	460
5	461
5	464
5	466
5	468
5	470
5	473
5	474
5	475
5	477
5	479
5	480
5	481
5	483
5	485
5	487
5	488
5	490
5	492
5	495
5	496
5	497
5	498
5	500
5	522
5	535
5	557
5	567
5	604
5	609
5	612
5	635
5	680
5	696
5	699
5	700
5	703
5	704
5	705
5	706
5	707
5	708
5	709
5	710
5	711
5	712
5	713
5	714
5	715
5	716
5	717
5	718
5	719
5	720
5	721
5	722
5	723
5	724
5	725
5	726
5	727
5	728
5	729
5	730
5	731
5	732
5	733
5	734
5	735
5	736
5	737
5	738
5	739
5	740
5	741
5	742
5	743
5	744
5	745
5	746
5	747
5	748
5	749
5	750
5	751
5	752
5	753
5	754
5	755
5	756
5	757
5	758
5	759
5	760
5	761
5	762
5	763
5	764
5	765
5	766
5	767
5	768
5	769
5	770
5	771
5	772
5	773
5	774
5	775
5	776
5	777
5	778
5	779
5	780
5	781
5	782
5	783
5	784
5	785
5	786
5	787
5	788
5	789
5	790
5	791
5	792
5	793
5	794
5	795
5	796
5	797
5	798
5	799
5	800
5	801
5	802
5	803
5	804
5	805
5	806
5	807
5	808
5	809
5	810
5	811
5	812
5	813
5	814
5	815
5	816
5	817
5	818
5	819
5	820
5	821
5	822
5	823
5	824
5	825
5	826
5	827
5	828
5	829
5	830
5	831
5	832
5	833
5	834
5	835
5	836
5	837
5	838
5	839
5	840
5	841
5	842
5	843
5	844
5	845
5	846
5	847
5	848
5	849
5	850
5	851
5	852
5	853
5	854
5	855
5	856
5	857
5	858
5	859
5	860
5	861
5	862
5	863
5	864
5	865
5	866
5	867
5	868
5	869
5	870
5	871
5	872
5	873
5	874
5	875
5	876
5	877
5	878
5	879
6	703
6	704
6	706
6	707
6	708
6	711
6	712
6	713
6	715
6	716
6	717
6	718
6	719
6	721
6	722
6	723
6	724
6	726
6	727
6	728
6	730
6	732
6	733
6	734
6	735
6	736
6	739
6	740
6	742
6	743
6	744
6	745
6	746
6	747
6	749
6	750
6	751
6	754
6	755
6	756
6	757
6	758
6	759
6	760
6	761
6	762
6	763
6	764
6	765
6	767
6	768
6	769
6	772
6	773
6	774
6	779
6	780
6	782
6	783
6	784
6	786
6	788
6	790
6	792
6	793
6	796
6	799
6	800
6	801
6	802
6	806
6	807
6	809
6	810
6	811
6	812
6	815
6	816
6	818
6	820
6	822
6	823
6	827
6	829
6	832
6	833
6	834
6	835
6	836
6	841
6	842
6	844
6	845
6	846
6	848
6	849
6	850
6	851
6	852
6	856
6	859
6	860
6	861
6	862
6	864
6	866
6	868
6	869
6	871
6	872
6	873
6	875
6	876
6	877
6	878
6	879
6	880
6	881
6	882
6	883
6	884
6	885
6	886
6	887
6	888
6	889
6	890
6	891
6	892
6	893
6	894
6	895
6	896
6	897
6	898
6	899
6	900
6	901
6	902
6	903
6	904
6	905
6	906
6	907
6	908
6	909
6	910
6	911
6	912
6	913
6	914
6	915
6	916
6	917
6	918
6	919
6	920
6	921
6	922
6	923
6	924
6	925
6	926
6	927
6	928
6	929
6	930
6	931
6	932
6	933
6	934
6	935
6	936
6	937
6	938
6	939
6	940
6	941
6	942
6	943
6	944
6	945
6	946
6	947
6	948
6	949
6	950
6	951
6	952
6	953
6	954
6	955
6	956
6	957
6	958
6	959
6	960
6	961
6	962
6	963
6	964
6	965
6	966
6	967
6	968
6	969
6	970
6	971
6	972
6	973
6	974
6	975
6	976
6	977
6	978
6	979
6	980
6	981
6	982
6	983
6	984
6	985
6	986
6	987
6	988
6	989
6	990
6	991
6	992
6	993
7	1024
7	1025
7	1026
7	1027
7	1028
7	1029
7	1030
7	1031
7	1032
7	1033
7	1034
7	1035
7	1036
7	1037
7	1038
7	1039
7	1040
7	1041
7	1042
7	1043
7	1044
7	1045
7	1046
7	1047
7	1048
7	1049
7	1050
7	1051
7	1052
7	1053
7	1054
7	1055
7	1056
7	1057
7	1058
7	1059
7	1060
7	1061
7	1062
7	1063
7	1064
7	1065
7	1066
7	1067
7	1068
7	1069
7	1070
7	1071
7	1072
7	1073
7	1074
7	1075
7	1076
7	1077
7	1078
7	1079
7	1080
7	1081
7	1082
7	1083
7	1084
7	1085
7	1086
7	1087
7	1088
7	1089
7	1090
7	1091
7	1092
7	1093
7	1094
7	1095
7	1096
7	1097
7	1098
7	1099
7	1100
7	1101
7	1102
7	1103
7	1104
7	1105
7	1106
7	1107
7	1108
7	1109
7	1110
7	1111
7	1112
7	1113
7	1114
7	1115
7	1116
7	1117
7	1118
7	1119
7	1120
7	1121
7	1122
7	1123
7	1124
7	1125
7	1126
7	1127
7	1128
7	1129
7	1130
7	1131
7	1132
7	1133
7	1134
7	1135
7	1136
7	1137
7	1138
7	1139
7	1140
7	1141
7	1142
7	1143
7	1144
7	1145
7	1146
7	1147
7	1148
7	1149
7	1150
7	1151
7	1152
7	1153
7	1154
7	1155
7	1156
7	1157
7	1158
7	1159
7	1160
7	1161
7	1162
7	1163
7	1164
7	1165
7	1166
7	1167
7	1168
7	1169
7	1170
7	1171
7	1172
7	1173
7	1174
7	1175
7	1176
7	1177
7	1178
7	1179
7	1180
7	1181
7	1182
7	1183
7	1184
7	1185
7	1186
7	1187
7	1188
7	1189
7	1190
7	1191
7	1192
7	1193
7	1194
7	1195
7	1196
7	1197
7	1198
7	1199
7	1200
7	1201
7	1202
7	1203
7	1204
7	1205
7	1206
7	1207
7	1208
7	1209
7	1210
7	1211
7	1212
7	1213
7	994
7	995
7	996
7	997
7	998
7	999
7	1000
7	1001
7	1002
7	1003
7	1004
7	1005
7	1006
7	1007
7	1008
7	1009
7	1010
7	1011
7	1012
7	1013
7	1014
7	1015
7	1016
7	1017
7	1018
7	1019
7	1020
7	1021
7	1022
7	1023
8	1214
8	1215
8	1216
8	1217
8	1218
8	1219
8	1220
8	1221
8	1222
8	1223
8	1224
8	1225
8	1226
8	1227
8	1228
8	1229
8	1230
8	1231
8	1232
8	1233
8	1234
8	1235
8	1236
8	1237
8	1238
8	1239
8	1240
8	1241
8	1242
8	1243
8	1244
8	1245
8	1246
8	1247
8	1248
8	1249
8	1250
8	1251
8	1252
8	1253
8	1254
8	1255
8	1256
8	1257
8	1258
8	1259
8	1260
8	1261
8	1262
8	1263
8	1264
8	1265
8	1266
8	1267
8	1268
8	1269
8	1270
8	1271
8	1272
8	1273
8	1274
8	1275
8	1276
8	1277
8	1278
8	1279
8	1280
8	1281
8	1282
8	1283
8	1284
8	1285
8	1286
8	1287
8	1288
8	1289
8	1290
8	1291
8	1292
8	1293
8	1294
8	1295
8	1296
8	1297
8	1298
8	1299
8	1300
8	1301
8	1302
8	1303
8	1304
8	1305
8	1306
8	1307
8	1308
8	1309
8	1310
8	1311
8	1312
8	1313
8	1314
8	1315
8	1316
8	1317
8	1318
8	1319
8	1320
8	1321
8	1322
8	1323
8	1324
8	1325
8	1326
8	1327
8	1328
8	1329
8	1330
8	1331
8	1332
8	1333
8	1334
8	1335
8	1336
8	1337
8	1338
8	1339
8	1340
8	1341
8	1342
8	1343
8	1344
8	1345
8	1346
8	1347
8	1348
8	1349
8	1350
8	1351
8	1352
8	1353
8	1354
8	1355
8	1356
8	1357
8	1358
8	1359
8	1360
8	1361
8	1362
8	1363
8	1364
8	1365
8	1366
8	1367
8	1368
8	1369
8	1370
8	1371
8	1372
8	1373
8	1374
8	1375
8	1376
8	1377
8	1378
8	1379
8	1380
8	1381
8	1382
8	1383
8	1384
8	1385
8	1386
8	1387
8	1388
8	1389
8	1390
8	1391
8	1392
8	1393
8	1394
8	1395
8	1396
8	1397
8	1398
8	1399
8	1400
8	1401
8	1402
8	1403
8	1404
8	1405
8	1406
8	1407
8	1408
8	1409
8	1410
8	1411
8	1412
8	1413
8	1414
8	1415
8	1416
8	1417
8	1418
8	1419
8	1420
8	1421
8	1422
8	1423
8	1424
8	1425
8	1426
8	1427
8	1428
8	1429
8	1430
8	1431
8	1432
8	1433
8	1434
8	1435
8	1436
8	1437
8	1438
8	1439
8	1440
8	1441
8	1442
8	1443
8	1444
8	1445
8	1446
8	1447
8	1448
8	1449
8	1450
8	1451
8	1452
8	1453
8	1454
8	1455
8	1456
8	1457
8	1458
9	1472
9	1473
9	1474
9	1475
9	1476
9	1477
9	1478
9	1479
9	1480
9	1481
9	1459
9	1460
9	1461
9	1462
9	1463
9	1464
9	1465
9	1466
9	1467
9	1468
9	1469
9	1470
9	1471
10	1482
11	1488
11	1489
11	1490
11	1491
11	1492
11	1493
11	1494
11	1483
11	1484
11	1485
11	1486
11	1487
12	1538
12	1539
12	1540
12	1541
12	1542
12	1543
12	1544
12	1545
12	1546
12	1547
12	1548
12	1549
13	65
13	134
13	1582
13	1391
13	1583
13	1584
13	1585
13	1586
13	1587
13	1588
13	1589
13	1590
13	1591
13	1592
13	1593
13	1594
14	1600
14	1601
14	1602
14	1603
14	1604
14	1605
14	1606
14	1607
14	1608
14	1609
14	1610
14	1611
14	1612
14	1613
14	1614
14	1615
14	1616
14	1617
14	1618
14	1595
14	1596
14	1597
14	1598
14	1599
15	1536
15	1537
15	1495
15	1496
15	1497
15	1498
15	1499
15	1500
15	1501
15	1502
15	1503
15	1504
15	1505
15	1506
15	1507
15	1508
15	1509
15	1510
15	1511
15	1512
15	1513
15	1514
15	1515
15	1516
15	1517
15	1518
15	1519
15	1520
15	1521
15	1522
15	1523
15	1524
15	1525
15	1526
15	1527
15	1528
15	1529
15	1530
15	1531
15	1532
15	1533
15	1534
15	1535
16	1664
16	1665
16	1666
16	1667
16	1668
16	1669
16	1670
16	1671
16	1672
16	1673
16	1674
16	1675
16	1676
16	1677
16	1678
16	1679
16	1680
16	1681
16	1682
16	1683
16	1684
16	1685
16	1686
16	1661
16	1662
16	1663
17	1648
17	1649
17	1650
17	1651
17	1652
17	1643
17	1644
17	1645
17	1646
17	1647
18	1632
18	1633
18	1634
18	1635
18	1636
18	1637
18	1638
18	1639
18	1640
18	1641
18	1642
18	1619
18	1620
18	1621
18	1622
18	1623
18	1624
18	1625
18	1626
18	1627
18	1628
18	1629
18	1630
18	1631
19	1653
19	1654
19	1655
19	1656
19	1657
19	1658
19	1659
19	1660
20	1728
20	1729
20	1730
20	1731
20	1732
20	1733
20	1734
20	1735
20	1736
20	1737
20	1738
20	1739
20	1740
20	1741
20	1742
20	1743
20	1744
20	1745
20	1722
20	1723
20	1724
20	1725
20	1726
20	1727
21	1698
21	1699
21	1700
21	1701
21	1702
21	1703
21	1704
21	1705
22	1696
22	1697
22	1507
22	1508
22	1510
22	1511
22	1512
22	1641
22	1518
22	1522
22	1687
22	1688
22	1528
22	1497
22	1689
22	1690
22	1691
22	1531
22	1692
22	1501
22	1693
22	1694
22	1695
23	1712
23	1713
23	1706
23	1707
23	1708
23	1709
23	1710
23	1711
24	1714
24	1715
24	1716
24	1717
24	1718
24	1719
24	1720
24	1721
25	1765
25	1704
25	1705
25	1706
25	1707
25	1772
25	1708
25	1774
25	1776
25	1777
25	1746
25	1714
25	1781
25	1718
25	1783
25	1784
25	1720
25	1785
25	1786
25	1787
25	1756
25	1788
25	1789
25	1790
27	1805
27	1806
27	1807
27	1808
27	1809
27	1810
27	1811
27	1812
27	1813
27	1814
27	1815
27	1816
27	1817
27	1818
27	1819
27	1820
27	1821
27	1822
27	1823
27	1824
27	1825
27	1826
27	1827
27	1828
27	1829
28	1746
28	1747
28	1748
28	1749
28	1750
28	1751
28	1752
28	1753
28	1754
28	1755
28	1756
28	1757
28	1758
28	1759
28	1760
28	1761
28	1762
28	1763
28	1764
28	1765
28	1766
28	1767
28	1768
28	1769
28	1770
28	1771
28	1772
28	1773
28	1774
28	1775
28	1776
28	1777
28	1778
28	1779
28	1780
28	1781
28	1782
29	1856
29	1857
29	1858
29	1859
29	1860
29	1861
29	1862
29	1863
29	1864
29	1865
29	1866
29	1867
29	1868
29	1869
29	1870
29	1871
29	1872
29	1873
29	1874
29	1875
29	1852
29	1853
29	1854
29	1855
30	1830
30	1831
30	1832
30	1833
30	1834
30	1835
30	1836
30	1837
30	1838
30	1839
30	1840
30	1841
30	1842
30	1843
30	1844
30	1845
30	1846
30	1847
30	1848
30	1849
30	1850
30	1851
31	1888
31	1889
31	1890
31	1891
31	1876
31	1877
31	1878
31	1879
31	1880
31	1881
31	1882
31	1883
31	1884
31	1885
31	1886
31	1887
32	1892
32	1893
32	1894
33	1895
33	1896
33	1897
33	1898
33	1899
33	1900
33	1901
33	1902
33	1903
33	1904
33	1905
33	1906
33	1907
33	1908
33	1909
33	1910
33	1911
33	1912
33	1913
33	1914
33	1915
33	1916
34	1920
34	1921
34	1922
34	1923
34	1924
34	1925
34	1926
34	1927
34	1928
34	1929
34	1930
34	1931
34	1932
34	1933
34	1934
34	1935
34	1936
34	1937
34	1938
34	1939
34	1940
34	1917
34	1918
34	1919
35	1952
35	1953
35	1954
35	1955
35	1956
35	1957
35	1958
35	1959
35	1960
35	1961
35	1962
35	1941
35	1942
35	1654
35	1943
35	1944
35	1945
35	1946
35	1947
35	1948
35	1949
35	1950
35	1951
36	1994
36	1995
36	1996
36	1997
36	1998
36	1999
36	2000
36	2001
36	2002
36	2003
36	2004
36	2005
36	2006
36	2007
36	2008
36	2009
36	2010
36	2011
36	2012
36	2013
36	2014
36	2015
36	2016
36	2017
36	2018
37	1963
37	1964
37	1965
37	1966
37	1967
37	1968
37	1969
37	1970
37	1971
37	1972
37	1973
37	1974
37	1975
37	1976
37	1977
37	1978
37	1979
37	1980
37	1981
38	1984
38	1985
38	1986
38	1987
38	1988
38	1989
38	1990
38	1991
38	1992
38	1993
38	1982
38	1983
39	2019
39	2020
39	2021
39	2022
39	2023
39	2024
39	2025
39	2026
39	2027
39	2028
39	2029
39	2030
39	2031
39	2032
39	2033
39	2034
39	2035
39	2036
39	2037
39	2038
39	2039
40	1568
40	1569
40	1550
40	1551
40	1552
40	1553
40	1554
40	1555
40	1556
40	1557
40	1558
40	1559
40	1560
40	1561
40	1562
40	1563
40	1564
40	1565
40	1566
40	1567
41	1570
41	1571
41	1572
41	1573
41	1574
41	38
41	1575
41	1576
41	1577
41	1578
41	1579
41	1580
41	1581
41	462
41	182
42	1792
42	1793
42	1794
42	1795
42	1796
42	1797
42	1798
42	1799
42	1800
42	1801
42	1802
42	1803
42	1804
42	1783
42	1784
42	1785
42	1786
42	1787
42	1788
42	1789
42	1790
42	1791
43	2040
43	2041
43	2042
43	2043
43	2044
43	2045
43	2046
43	2047
43	2048
43	2049
43	2050
43	2051
43	2052
43	2053
43	2054
43	2055
43	2056
43	2057
43	2058
43	2059
43	2060
43	2061
43	2062
43	2063
43	2064
43	2065
43	2066
43	2067
43	2068
43	2069
43	2070
43	2071
43	2072
43	2073
43	2074
43	2075
43	2076
43	2077
43	2078
43	2079
43	2080
43	2081
43	2082
43	2083
43	2084
43	2085
43	2086
43	2087
43	2088
43	2089
43	2090
43	2091
43	2092
43	2093
43	2094
43	2095
43	2096
43	2097
43	2098
43	2099
43	2100
43	2101
43	2102
43	2103
43	2104
43	2105
43	2106
43	2107
43	2108
43	2109
43	2110
43	2111
43	2112
43	2113
43	2114
43	2115
43	2116
43	2117
43	2118
43	2119
43	2120
43	2121
43	2122
43	2123
43	2124
43	2125
43	2126
43	2127
43	2128
43	2129
43	2130
43	2131
43	2132
43	2133
43	2134
43	2135
43	2136
43	2137
43	2138
43	2139
43	2140
43	2141
43	2142
43	2143
43	2144
43	2145
43	2146
43	2147
43	2148
43	2149
43	2150
43	2151
43	2152
43	2153
43	2154
43	2155
43	2156
43	2157
43	2158
43	2159
43	2160
43	2161
